[
  {
      "nombres": "Carlos",
      "apellidos": "Gomez",
      "fecha_de_nacimiento": "12/05/1990",
      "correo": "carlos.gomez@example.com",
      "contraseña": "Jd93$lmz"
  },
  {
      "nombres": "Maria",
      "apellidos": "Lopez",
      "fecha_de_nacimiento": "23/08/1985",
      "correo": "maria.lopez@example.com",
      "contraseña": "Pl12*wdK"
  },
  {
      "nombres": "Juan",
      "apellidos": "Martinez",
      "fecha_de_nacimiento": "17/02/1992",
      "correo": "juan.martinez@example.com",
      "contraseña": "Mn64@trX"
  },
  {
      "nombres": "Ana",
      "apellidos": "Hernandez",
      "fecha_de_nacimiento": "30/11/1995",
      "correo": "ana.hernandez@example.com",
      "contraseña": "Vz82&ybQ"
  },
  {
      "nombres": "Luis",
      "apellidos": "Perez",
      "fecha_de_nacimiento": "09/04/1988",
      "correo": "luis.perez@example.com",
      "contraseña": "Qw57^mnV"
  },
  {
      "nombres": "Laura",
      "apellidos": "Ramirez",
      "fecha_de_nacimiento": "05/09/1993",
      "correo": "laura.ramirez@example.com",
      "contraseña": "Tx78*vrB"
  },
  {
      "nombres": "Jose",
      "apellidos": "Garcia",
      "fecha_de_nacimiento": "14/07/1991",
      "correo": "jose.garcia@example.com",
      "contraseña": "Ui45#lmD"
  },
  {
      "nombres": "Elena",
      "apellidos": "Torres",
      "fecha_de_nacimiento": "22/12/1987",
      "correo": "elena.torres@example.com",
      "contraseña": "Rk23@nmW"
  },
  {
      "nombres": "Miguel",
      "apellidos": "Rodriguez",
      "fecha_de_nacimiento": "11/03/1989",
      "correo": "miguel.rodriguez@example.com",
      "contraseña": "Sd61&opQ"
  },
  {
      "nombres": "Sofia",
      "apellidos": "Gonzalez",
      "fecha_de_nacimiento": "28/06/1994",
      "correo": "sofia.gonzalez@example.com",
      "contraseña": "Lr90@tzC"
  }
]
